"latin","CODE","SPEC","COMM","NMFS","APHIAID","APHIAID_SRC","TSN","TSN_DEFINITIVE","kingdom","subkingdom","infrakingdom","phylum","subphylum","infraphylum","superclass","class","superorder","order","family","subfamily","genus","species","species_id","vert"
"GADUS MORHUA",10,"GADUS MORHUA","COD(ATLANTIC)",73,126436,"scientific",164712,TRUE,"Animalia","Bilateria","Deuterostomia","Chordata","Vertebrata","Gnathostomata","Actinopterygii","Teleostei","Paracanthopterygii","Gadiformes","Gadidae","Gadinae","Gadus","Gadus morhua","Gadus morhua",TRUE
"MELANOGRAMMUS AEGLEFINUS",11,"MELANOGRAMMUS AEGLEFINUS","HADDOCK",74,126437,"scientific",164744,TRUE,"Animalia","Bilateria","Deuterostomia","Chordata","Vertebrata","Gnathostomata","Actinopterygii","Teleostei","Paracanthopterygii","Gadiformes","Gadidae","Gadinae","Melanogrammus","Melanogrammus aeglefinus","Melanogrammus aeglefinus",TRUE
"UROPHYCIS TENUIS",12,"UROPHYCIS TENUIS","WHITE HAKE",76,126504,"scientific",164732,TRUE,"Animalia","Bilateria","Deuterostomia","Chordata","Vertebrata","Gnathostomata","Actinopterygii","Teleostei","Paracanthopterygii","Gadiformes","Gadidae","Phycinae","Urophycis","Urophycis tenuis","Urophycis tenuis",TRUE
"UROPHYCIS CHUSS",13,"UROPHYCIS CHUSS","SQUIRREL OR RED HAKE",77,126503,"scientific",164730,TRUE,"Animalia","Bilateria","Deuterostomia","Chordata","Vertebrata","Gnathostomata","Actinopterygii","Teleostei","Paracanthopterygii","Gadiformes","Gadidae","Phycinae","Urophycis","Urophycis chuss","Urophycis chuss",TRUE
"MERLUCCIUS BILINEARIS",14,"MERLUCCIUS BILINEARIS","SILVER HAKE",72,158962,"common",164791,TRUE,"Animalia","Bilateria","Deuterostomia","Chordata","Vertebrata","Gnathostomata","Actinopterygii","Teleostei","Paracanthopterygii","Gadiformes","Merlucciidae","Merlucciinae","Merluccius","Merluccius bilinearis","Merluccius bilinearis",TRUE
"POLLACHIUS VIRENS",16,"POLLACHIUS VIRENS","POLLOCK",75,126441,"scientific",164727,TRUE,"Animalia","Bilateria","Deuterostomia","Chordata","Vertebrata","Gnathostomata","Actinopterygii","Teleostei","Paracanthopterygii","Gadiformes","Gadidae","Gadinae","Pollachius","Pollachius virens","Pollachius virens",TRUE
"MERLUCCIUS ALBIDUS",19,"MERLUCCIUS ALBIDUS","OFF-SHORE HAKE",69,158748,"scientific",164793,TRUE,"Animalia","Bilateria","Deuterostomia","Chordata","Vertebrata","Gnathostomata","Actinopterygii","Teleostei","Paracanthopterygii","Gadiformes","Merlucciidae","Merlucciinae","Merluccius","Merluccius albidus","Merluccius albidus",TRUE
"SEBASTES SP.",23,"SEBASTES SP.","REDFISH UNSEPARATED",NA,126175,"scientific",166705,TRUE,"Animalia","Bilateria","Deuterostomia","Chordata","Vertebrata","Gnathostomata","Actinopterygii","Teleostei","Acanthopterygii","Scorpaeniformes","Scorpaenidae",NA,"Sebastes",NA,"Sebastes",TRUE
"HIPPOGLOSSUS HIPPOGLOSSUS",30,"HIPPOGLOSSUS HIPPOGLOSSUS","HALIBUT(ATLANTIC)",101,127138,"scientific",172933,TRUE,"Animalia","Bilateria","Deuterostomia","Chordata","Vertebrata","Gnathostomata","Actinopterygii","Teleostei","Acanthopterygii","Pleuronectiformes","Pleuronectidae","Hippoglossinae","Hippoglossus","Hippoglossus hippoglossus","Hippoglossus hippoglossus",TRUE
"REINHARDTIUS HIPPOGLOSSOIDES",31,"REINHARDTIUS HIPPOGLOSSOIDES","TURBOT,GREENLAND HALIBUT",99,127144,"scientific",172930,TRUE,"Animalia","Bilateria","Deuterostomia","Chordata","Vertebrata","Gnathostomata","Actinopterygii","Teleostei","Acanthopterygii","Pleuronectiformes","Pleuronectidae","Hippoglossinae","Reinhardtius","Reinhardtius hippoglossoides","Reinhardtius hippoglossoides",TRUE
"HIPPOGLOSSOIDES PLATESSOIDES",40,"HIPPOGLOSSOIDES PLATESSOIDES","AMERICAN PLAICE",102,127137,"scientific",172877,TRUE,"Animalia","Bilateria","Deuterostomia","Chordata","Vertebrata","Gnathostomata","Actinopterygii","Teleostei","Acanthopterygii","Pleuronectiformes","Pleuronectidae","Hippoglossoidinae","Hippoglossoides","Hippoglossoides platessoides","Hippoglossoides platessoides",TRUE
"GLYPTOCEPHALUS CYNOGLOSSUS",41,"GLYPTOCEPHALUS CYNOGLOSSUS","WITCH FLOUNDER",107,127136,"scientific",172873,TRUE,"Animalia","Bilateria","Deuterostomia","Chordata","Vertebrata","Gnathostomata","Actinopterygii","Teleostei","Acanthopterygii","Pleuronectiformes","Pleuronectidae","Pleuronectinae","Glyptocephalus","Glyptocephalus cynoglossus","Glyptocephalus cynoglossus",TRUE
"LIMANDA FERRUGINEA",42,"LIMANDA FERRUGINEA","YELLOWTAIL FLOUNDER",105,158879,"scientific",172909,TRUE,"Animalia","Bilateria","Deuterostomia","Chordata","Vertebrata","Gnathostomata","Actinopterygii","Teleostei","Acanthopterygii","Pleuronectiformes","Pleuronectidae","Pleuronectinae","Limanda","Limanda ferruginea","Limanda ferruginea",TRUE
"PSEUDOPLEURONECTES AMERICANUS",43,"PSEUDOPLEURONECTES AMERICANUS","WINTER FLOUNDER",106,158885,"scientific",172905,TRUE,"Animalia","Bilateria","Deuterostomia","Chordata","Vertebrata","Gnathostomata","Actinopterygii","Teleostei","Acanthopterygii","Pleuronectiformes","Pleuronectidae","Pleuronectinae","Pseudopleuronectes","Pseudopleuronectes americanus","Pseudopleuronectes americanus",TRUE
"CITHARICHTHYS ARCTIFRONS",44,"CITHARICHTHYS ARCTIFRONS","GULF STREAM FLOUNDER",109,158791,"scientific",172719,TRUE,"Animalia","Bilateria","Deuterostomia","Chordata","Vertebrata","Gnathostomata","Actinopterygii","Teleostei","Acanthopterygii","Pleuronectiformes","Paralichthyidae",NA,"Citharichthys","Citharichthys arctifrons","Citharichthys arctifrons",TRUE
"ANARHICHAS LUPUS",50,"ANARHICHAS LUPUS","STRIPED ATLANTIC WOLFFISH",192,126758,"scientific",171341,TRUE,"Animalia","Bilateria","Deuterostomia","Chordata","Vertebrata","Gnathostomata","Actinopterygii","Teleostei","Acanthopterygii","Perciformes","Anarhichadidae",NA,"Anarhichas","Anarhichas lupus","Anarhichas lupus",TRUE
"CLUPEA HARENGUS",60,"CLUPEA HARENGUS","HERRING(ATLANTIC)",32,126417,"scientific",161722,TRUE,"Animalia","Bilateria","Deuterostomia","Chordata","Vertebrata","Gnathostomata","Actinopterygii","Teleostei","Clupeomorpha","Clupeiformes","Clupeidae","Clupeinae","Clupea","Clupea harengus","Clupea harengus",TRUE
"ALOSA SAPIDISSIMA",61,"ALOSA SAPIDISSIMA","SHAD AMERICAN",35,158670,"scientific",161702,TRUE,"Animalia","Bilateria","Deuterostomia","Chordata","Vertebrata","Gnathostomata","Actinopterygii","Teleostei","Clupeomorpha","Clupeiformes","Clupeidae","Alosinae","Alosa","Alosa sapidissima","Alosa sapidissima",TRUE
"ALOSA PSEUDOHARENGUS",62,"ALOSA PSEUDOHARENGUS","ALEWIFE",33,158669,"scientific",161706,TRUE,"Animalia","Bilateria","Deuterostomia","Chordata","Vertebrata","Gnathostomata","Actinopterygii","Teleostei","Clupeomorpha","Clupeiformes","Clupeidae","Alosinae","Alosa","Alosa pseudoharengus","Alosa pseudoharengus",TRUE
"MALLOTUS VILLOSUS",64,"MALLOTUS VILLOSUS","CAPELIN",38,126735,"scientific",162035,TRUE,"Animalia","Bilateria","Deuterostomia","Chordata","Vertebrata","Gnathostomata","Actinopterygii","Teleostei","Protacanthopterygii","Osmeriformes","Osmeridae",NA,"Mallotus","Mallotus villosus","Mallotus villosus",TRUE
"SCOMBER SCOMBRUS",70,"SCOMBER SCOMBRUS","MACKEREL(ATLANTIC)",121,127023,"scientific",172414,TRUE,"Animalia","Bilateria","Deuterostomia","Chordata","Vertebrata","Gnathostomata","Actinopterygii","Teleostei","Acanthopterygii","Perciformes","Scombridae","Scombrinae","Scomber","Scomber scombrus","Scomber scombrus",TRUE
"UROPHYCIS CHESTERI",112,"UROPHYCIS CHESTERI","LONGFIN HAKE",79,158988,"common",164734,TRUE,"Animalia","Bilateria","Deuterostomia","Chordata","Vertebrata","Gnathostomata","Actinopterygii","Teleostei","Paracanthopterygii","Gadiformes","Gadidae","Phycinae","Phycis","Phycis chesteri","Phycis chesteri",TRUE
"ENCHELYOPUS CIMBRIUS",114,"ENCHELYOPUS CIMBRIUS","FOURBEARD ROCKLING",83,126450,"scientific",164748,TRUE,"Animalia","Bilateria","Deuterostomia","Chordata","Vertebrata","Gnathostomata","Actinopterygii","Teleostei","Paracanthopterygii","Gadiformes","Gadidae","Phycinae","Enchelyopus","Enchelyopus cimbrius","Enchelyopus cimbrius",TRUE
"GAIDROPSARUS ENSIS",115,"GAIDROPSARUS ENSIS","THREEBEARD ROCKLING",85,126453,"scientific",164769,TRUE,"Animalia","Bilateria","Deuterostomia","Chordata","Vertebrata","Gnathostomata","Actinopterygii","Teleostei","Paracanthopterygii","Gadiformes","Gadidae","Phycinae","Gaidropsarus","Gaidropsarus ensis","Gaidropsarus ensis",TRUE
"TAUTOGOLABRUS ADSPERSUS",122,"TAUTOGOLABRUS ADSPERSUS","CUNNER",176,159785,"scientific",170481,TRUE,"Animalia","Bilateria","Deuterostomia","Chordata","Vertebrata","Gnathostomata","Actinopterygii","Teleostei","Acanthopterygii","Perciformes","Labridae",NA,"Tautogolabrus","Tautogolabrus adspersus","Tautogolabrus adspersus",TRUE
"HELICOLENUS DACTYLOPTERUS",123,"HELICOLENUS DACTYLOPTERUS","ROSEFISH(BLACK BELLY)",156,127251,"scientific",166787,TRUE,"Animalia","Bilateria","Deuterostomia","Chordata","Vertebrata","Gnathostomata","Actinopterygii","Teleostei","Acanthopterygii","Scorpaeniformes","Scorpaenidae",NA,"Helicolenus","Helicolenus dactylopterus","Helicolenus dactylopterus",TRUE
"HIPPOGLOSSINA OBLONGA",142,"HIPPOGLOSSINA OBLONGA","FOURSPOT FLOUNDER",104,158833,"common",NA,NA,"Animalia","Bilateria","Deuterostomia","Chordata","Vertebrata","Gnathostomata","Actinopterygii","Teleostei","Acanthopterygii","Pleuronectiformes","Paralichthyidae",NA,"Hippoglossina","Hippoglossina oblonga","Hippoglossina oblonga",TRUE
"SCOPHTHALMUS AQUOSUS",143,"SCOPHTHALMUS AQUOSUS","BRILL/WINDOWPANE",108,158907,"scientific",172746,TRUE,"Animalia","Bilateria","Deuterostomia","Chordata","Vertebrata","Gnathostomata","Actinopterygii","Teleostei","Acanthopterygii","Pleuronectiformes","Scophthalmidae",NA,"Scophthalmus","Scophthalmus aquosus","Scophthalmus aquosus",TRUE
"MYCTOPHIDAE",150,"MYCTOPHIDAE","LANTERNFISH (NS)",220,125498,"scientific",162575,TRUE,"Animalia","Bilateria","Deuterostomia","Chordata","Vertebrata","Gnathostomata","Actinopterygii","Teleostei","Scopelomorpha","Myctophiformes","Myctophidae",NA,NA,NA,"Myctophidae",TRUE
"CHLOROPHTHALMUS AGASSIZI",156,"CHLOROPHTHALMUS AGASSIZI","SHORT-NOSE GREENEYE",232,126336,"scientific",162430,TRUE,"Animalia","Bilateria","Deuterostomia","Chordata","Vertebrata","Gnathostomata","Actinopterygii","Teleostei","Cyclosquamata","Aulopiformes","Chlorophthalmidae",NA,"Chlorophthalmus","Chlorophthalmus agassizi","Chlorophthalmus agassizi",TRUE
"BENTHOSEMA GLACIALE",157,"BENTHOSEMA GLACIALE","GLACIER LANTERNFISH",51,126580,"scientific",162680,TRUE,"Animalia","Bilateria","Deuterostomia","Chordata","Vertebrata","Gnathostomata","Actinopterygii","Teleostei","Scopelomorpha","Myctophiformes","Myctophidae","Myctophinae","Benthosema","Benthosema glaciale","Benthosema glaciale",TRUE
"MAUROLICUS MUELLERI",158,"MAUROLICUS MUELLERI","MUELLER'S PEARLSIDES",229,127312,"scientific",162187,TRUE,"Animalia","Bilateria","Deuterostomia","Chordata","Vertebrata","Gnathostomata","Actinopterygii","Teleostei","Stenopterygii","Stomiiformes","Sternoptychidae","Maurolicinae","Maurolicus","Maurolicus muelleri","Maurolicus muelleri",TRUE
"STOMIAS BOA",159,"STOMIAS BOA","BOA DRAGONFISH",228,127374,"scientific",162292,TRUE,"Animalia","Bilateria","Deuterostomia","Chordata","Vertebrata","Gnathostomata","Actinopterygii","Teleostei","Stenopterygii","Stomiiformes","Stomiidae","Stomiinae","Stomias","Stomias boa","Stomias boa",TRUE
"ARGENTINA SILUS",160,"ARGENTINA SILUS","ARGENTINE(ATLANTIC)",46,126715,"scientific",162064,TRUE,"Animalia","Bilateria","Deuterostomia","Chordata","Vertebrata","Gnathostomata","Actinopterygii","Teleostei","Protacanthopterygii","Osmeriformes","Argentinidae",NA,"Argentina","Argentina silus","Argentina silus",TRUE
"NOTOSCOPELUS ELONGATUS KROYERI",182,"NOTOSCOPELUS ELONGATUS KROYERI","LANTERNFISH KROYER'S",NA,272728,"scientific",623879,TRUE,"Animalia","Bilateria","Deuterostomia","Chordata","Vertebrata","Gnathostomata","Actinopterygii","Teleostei","Scopelomorpha","Myctophiformes","Myctophidae","Lampanyctinae","Notoscopelus","Notoscopelus elongatus","Notoscopelus elongatus",TRUE
"DIPTURUS LAEVIS",200,"DIPTURUS LAEVIS","BARNDOOR SKATE",22,158548,"scientific",564139,TRUE,"Animalia","Bilateria","Deuterostomia","Chordata","Vertebrata","Gnathostomata","Chondrichthyes","Chondrichthyes","Euselachii","Rajiformes","Rajidae",NA,"Dipturus","Dipturus laevis","Dipturus laevis",TRUE
"AMBLYRAJA RADIATA",201,"AMBLYRAJA RADIATA","THORNY SKATE",28,105865,"scientific",564149,TRUE,"Animalia","Bilateria","Deuterostomia","Chordata","Vertebrata","Gnathostomata","Chondrichthyes","Chondrichthyes","Euselachii","Rajiformes","Rajidae",NA,"Amblyraja","Amblyraja radiata","Amblyraja radiata",TRUE
"MALACORAJA SENTA",202,"MALACORAJA SENTA","SMOOTH SKATE",27,158554,"scientific",564151,TRUE,"Animalia","Bilateria","Deuterostomia","Chordata","Vertebrata","Gnathostomata","Chondrichthyes","Chondrichthyes","Euselachii","Rajiformes","Rajidae",NA,"Malacoraja","Malacoraja senta","Malacoraja senta",TRUE
"LEUCORAJA ERINACEA",203,"LEUCORAJA ERINACEA","LITTLE SKATE",26,158551,"scientific",564130,TRUE,"Animalia","Bilateria","Deuterostomia","Chordata","Vertebrata","Gnathostomata","Chondrichthyes","Chondrichthyes","Euselachii","Rajiformes","Rajidae",NA,"Leucoraja","Leucoraja erinacea","Leucoraja erinacea",TRUE
"LEUCORAJA OCELLATA",204,"LEUCORAJA OCELLATA","WINTER SKATE",23,158553,"scientific",564145,TRUE,"Animalia","Bilateria","Deuterostomia","Chordata","Vertebrata","Gnathostomata","Chondrichthyes","Chondrichthyes","Euselachii","Rajiformes","Rajidae",NA,"Leucoraja","Leucoraja ocellata","Leucoraja ocellata",TRUE
"SQUALUS ACANTHIAS",220,"SQUALUS ACANTHIAS","SPINY DOGFISH",15,105923,"scientific",160617,TRUE,"Animalia","Bilateria","Deuterostomia","Chordata","Vertebrata","Gnathostomata","Chondrichthyes","Chondrichthyes","Euselachii","Squaliformes","Squalidae",NA,"Squalus","Squalus acanthias","Squalus acanthias",TRUE
"CENTROSCYLLIUM FABRICII",221,"CENTROSCYLLIUM FABRICII","BLACK DOGFISH",7,105906,"scientific",160703,TRUE,"Animalia","Bilateria","Deuterostomia","Chordata","Vertebrata","Gnathostomata","Chondrichthyes","Chondrichthyes","Euselachii","Squaliformes","Etmopteridae",NA,"Centroscyllium","Centroscyllium fabricii","Centroscyllium fabricii",TRUE
"MYXINE GLUTINOSA",241,"MYXINE GLUTINOSA","NORTHERN HAGFISH",1,101170,"scientific",159772,TRUE,"Animalia","Bilateria","Deuterostomia","Chordata","Vertebrata","Agnatha",NA,"Myxini",NA,"Myxiniformes","Myxinidae","Myxininae","Myxine","Myxine glutinosa","Myxine glutinosa",TRUE
"MYOXOCEPHALUS OCTODECEMSPINOSUS",300,"MYOXOCEPHALUS OCTODECEMSPINOSUS","LONGHORN SCULPIN",163,159520,"scientific",167320,TRUE,"Animalia","Bilateria","Deuterostomia","Chordata","Vertebrata","Gnathostomata","Actinopterygii","Teleostei","Acanthopterygii","Scorpaeniformes","Cottidae",NA,"Myoxocephalus","Myoxocephalus octodecemspinosus","Myoxocephalus octodecemspinosus",TRUE
"MYOXOCEPHALUS AENAEUS",303,"MYOXOCEPHALUS AENAEUS","GRUBBY OR LITTLE SCULPIN",166,159519,"scientific",167321,TRUE,"Animalia","Bilateria","Deuterostomia","Chordata","Vertebrata","Gnathostomata","Actinopterygii","Teleostei","Acanthopterygii","Scorpaeniformes","Cottidae",NA,"Myoxocephalus","Myoxocephalus aenaeus","Myoxocephalus aenaeus",TRUE
"TRIGLOPS MURRAYI",304,"TRIGLOPS MURRAYI","MAILED SCULPIN",161,127205,"scientific",167375,TRUE,"Animalia","Bilateria","Deuterostomia","Chordata","Vertebrata","Gnathostomata","Actinopterygii","Teleostei","Acanthopterygii","Scorpaeniformes","Cottidae",NA,"Triglops","Triglops murrayi","Triglops murrayi",TRUE
"HEMITRIPTERUS AMERICANUS",320,"HEMITRIPTERUS AMERICANUS","SEA RAVEN",164,159518,"scientific",167289,TRUE,"Animalia","Bilateria","Deuterostomia","Chordata","Vertebrata","Gnathostomata","Actinopterygii","Teleostei","Acanthopterygii","Scorpaeniformes","Hemitripteridae",NA,"Hemitripterus","Hemitripterus americanus","Hemitripterus americanus",TRUE
"ASPIDOPHOROIDES MONOPTERYGIUS",340,"ASPIDOPHOROIDES MONOPTERYGIUS","ALLIGATORFISH",165,159459,"scientific",167439,TRUE,"Animalia","Bilateria","Deuterostomia","Chordata","Vertebrata","Gnathostomata","Actinopterygii","Teleostei","Acanthopterygii","Scorpaeniformes","Agonidae",NA,"Aspidophoroides","Aspidophoroides monopterygius","Aspidophoroides monopterygius",TRUE
"LEPTAGONUS DECAGONUS",350,"LEPTAGONUS DECAGONUS","ATLANTIC SEA POACHER",NA,127191,"scientific",167478,TRUE,"Animalia","Bilateria","Deuterostomia","Chordata","Vertebrata","Gnathostomata","Actinopterygii","Teleostei","Acanthopterygii","Scorpaeniformes","Agonidae",NA,"Leptagonus","Leptagonus decagonus","Leptagonus decagonus",TRUE
"LOPHIUS AMERICANUS",400,"LOPHIUS AMERICANUS","MONKFISH,GOOSEFISH,ANGLER",197,159184,"scientific",164499,TRUE,"Animalia","Bilateria","Deuterostomia","Chordata","Vertebrata","Gnathostomata","Actinopterygii","Teleostei","Paracanthopterygii","Lophiiformes","Lophiidae",NA,"Lophius","Lophius americanus","Lophius americanus",TRUE
"NEZUMIA BAIRDII",410,"NEZUMIA BAIRDII","MARLIN-SPIKE GRENADIER",91,183289,"scientific",165395,TRUE,"Animalia","Bilateria","Deuterostomia","Chordata","Vertebrata","Gnathostomata","Actinopterygii","Teleostei","Paracanthopterygii","Gadiformes","Macrouridae","Macrourinae","Nezumia","Nezumia bairdii","Nezumia bairdii",TRUE
"PARALIPARIS COPEI",511,"PARALIPARIS COPEI","BLACKSNOUT SEASNAIL",NA,159530,"scientific",167605,TRUE,"Animalia","Bilateria","Deuterostomia","Chordata","Vertebrata","Gnathostomata","Actinopterygii","Teleostei","Acanthopterygii","Scorpaeniformes","Liparidae",NA,"Paraliparis","Paraliparis copei","Paraliparis copei",TRUE
"LIPARIS GIBBUS",512,"LIPARIS GIBBUS","SEASNAIL,DUSKY",NA,159526,"scientific",167561,TRUE,"Animalia","Bilateria","Deuterostomia","Chordata","Vertebrata","Gnathostomata","Actinopterygii","Teleostei","Acanthopterygii","Scorpaeniformes","Liparidae",NA,"Liparis","Liparis gibbus","Liparis gibbus",TRUE
"LYCENCHELYS VERRILLI",603,"LYCENCHELYS VERRILLI","WOLF EELPOUT",190,402541,"scientific",631024,TRUE,"Animalia","Bilateria","Deuterostomia","Chordata","Vertebrata","Gnathostomata","Actinopterygii","Teleostei","Acanthopterygii","Perciformes","Zoarcidae",NA,"Lycenchelys","Lycenchelys verrillii","Lycenchelys verrillii",TRUE
"NEMICHTHYS SCOLOPACEUS",604,"NEMICHTHYS SCOLOPACEUS","SNIPE EEL",67,126306,"scientific",161624,TRUE,"Animalia","Bilateria","Deuterostomia","Chordata","Vertebrata","Gnathostomata","Actinopterygii","Teleostei","Elopomorpha","Anguilliformes","Nemichthyidae",NA,"Nemichthys","Nemichthys scolopaceus","Nemichthys scolopaceus",TRUE
"AMMODYTES DUBIUS",610,"AMMODYTES DUBIUS","NORTHERN SAND LANCE",734,151520,"scientific",171674,TRUE,"Animalia","Bilateria","Deuterostomia","Chordata","Vertebrata","Gnathostomata","Actinopterygii","Teleostei","Acanthopterygii","Perciformes","Ammodytidae",NA,"Ammodytes","Ammodytes dubius","Ammodytes dubius",TRUE
"LYCODES LAVALAEI",620,"LYCODES LAVALAEI","LAVAL'S EELPOUT",NA,127107,"scientific",165276,TRUE,"Animalia","Bilateria","Deuterostomia","Chordata","Vertebrata","Gnathostomata","Actinopterygii","Teleostei","Acanthopterygii","Perciformes","Zoarcidae",NA,"Lycodes","Lycodes lavalaei","Lycodes lavalaei",TRUE
"LUMPENUS LUMPRETAEFORMIS",622,"LUMPENUS LUMPRETAEFORMIS","SNAKE BLENNY",182,154675,"scientific",631023,TRUE,"Animalia","Bilateria","Deuterostomia","Chordata","Vertebrata","Gnathostomata","Actinopterygii","Teleostei","Acanthopterygii","Perciformes","Stichaeidae",NA,"Lumpenus","Lumpenus lampretaeformis","Lumpenus lampretaeformis",TRUE
"LUMPENUS MACULATUS",623,"LUMPENUS MACULATUS","DAUBED SHANNY",183,127072,"common",171603,TRUE,"Animalia","Bilateria","Deuterostomia","Chordata","Vertebrata","Gnathostomata","Actinopterygii","Teleostei","Acanthopterygii","Perciformes","Stichaeidae",NA,"Leptoclinus","Leptoclinus maculatus","Leptoclinus maculatus",TRUE
"ULVARIA SUBBIFURCATA",625,"ULVARIA SUBBIFURCATA","RADIATED SHANNY",184,159821,"scientific",171616,TRUE,"Animalia","Bilateria","Deuterostomia","Chordata","Vertebrata","Gnathostomata","Actinopterygii","Teleostei","Acanthopterygii","Perciformes","Stichaeidae",NA,"Ulvaria","Ulvaria subbifurcata","Ulvaria subbifurcata",TRUE
"ZOARCES AMERICANUS",640,"ZOARCES AMERICANUS","OCEAN POUT",193,159267,"common",630979,TRUE,"Animalia","Bilateria","Deuterostomia","Chordata","Vertebrata","Gnathostomata","Actinopterygii","Teleostei","Acanthopterygii","Perciformes","Zoarcidae",NA,"Zoarces","Zoarces americanus","Zoarces americanus",TRUE
"LYCODES VAHLII",647,"LYCODES VAHLII","SHORTTAILED EELPOUT(VAHL)",NA,127118,"scientific",165284,TRUE,"Animalia","Bilateria","Deuterostomia","Chordata","Vertebrata","Gnathostomata","Actinopterygii","Teleostei","Acanthopterygii","Perciformes","Zoarcidae",NA,"Lycodes","Lycodes vahlii","Lycodes vahlii",TRUE
"PEPRILUS TRIACANTHUS",701,"PEPRILUS TRIACANTHUS","BUTTERFISH",131,159828,"common",172567,TRUE,"Animalia","Bilateria","Deuterostomia","Chordata","Vertebrata","Gnathostomata","Actinopterygii","Teleostei","Acanthopterygii","Perciformes","Stromateidae",NA,"Peprilus","Peprilus triacanthus","Peprilus triacanthus",TRUE
"NOTOLEPIS RISSOI",712,"NOTOLEPIS RISSOI","WHITE BARRACUDINA",247,147037,"scientific",644687,TRUE,"Animalia","Bilateria","Deuterostomia","Chordata","Vertebrata","Gnathostomata","Actinopterygii","Teleostei","Cyclosquamata","Aulopiformes","Paralepididae",NA,"Arctozenus","Arctozenus risso","Arctozenus risso",TRUE
"POLYMIXIA LOWEI",771,"POLYMIXIA LOWEI","BEARDFISH",263,282202,"common",170475,TRUE,"Animalia","Bilateria","Deuterostomia","Chordata","Vertebrata","Gnathostomata","Actinopterygii","Teleostei","Acanthopterygii","Perciformes","Polynemidae",NA,"Pentanemus","Pentanemus quinquarius","Pentanemus quinquarius",TRUE
"SYMPHURUS SP.",805,"SYMPHURUS SP.","TONGUEFISH",221,126113,"scientific",173061,TRUE,"Animalia","Bilateria","Deuterostomia","Chordata","Vertebrata","Gnathostomata","Actinopterygii","Teleostei","Acanthopterygii","Pleuronectiformes","Cynoglossidae","Symphurinae","Symphurus",NA,"Symphurus",TRUE
"LYCODES EUDIPLEUROSTICTUS",845,"LYCODES EUDIPLEUROSTICTUS","EELPOUT (NS)",NA,234713,"common",631004,TRUE,"Animalia","Bilateria","Deuterostomia","Chordata","Vertebrata","Gnathostomata","Actinopterygii","Teleostei","Acanthopterygii","Perciformes","Zoarcidae",NA,"Lycodichthys","Lycodichthys dearborni","Lycodichthys dearborni",TRUE
"PARALIPARIS CALIDUS",868,"PARALIPARIS CALIDUS","SEASNAIL",NA,159529,"scientific",167604,TRUE,"Animalia","Bilateria","Deuterostomia","Chordata","Vertebrata","Gnathostomata","Actinopterygii","Teleostei","Acanthopterygii","Scorpaeniformes","Liparidae",NA,"Paraliparis","Paraliparis calidus","Paraliparis calidus",TRUE
"ARTEDIELLUS ATLANTICUS",880,"ARTEDIELLUS ATLANTICUS","HOOKEAR SCULPIN,ATL.",NA,127193,"scientific",167208,TRUE,"Animalia","Bilateria","Deuterostomia","Chordata","Vertebrata","Gnathostomata","Actinopterygii","Teleostei","Acanthopterygii","Scorpaeniformes","Cottidae",NA,"Artediellus","Artediellus atlanticus","Artediellus atlanticus",TRUE
"NEZUMIA SP.",1013,"NEZUMIA SP.","NEZUMIA SP.",NA,125754,"scientific",165393,TRUE,"Animalia","Bilateria","Deuterostomia","Chordata","Vertebrata","Gnathostomata","Actinopterygii","Teleostei","Paracanthopterygii","Gadiformes","Macrouridae","Macrourinae","Nezumia",NA,"Nezumia",TRUE
"LEUCORAJA SP.",1191,"LEUCORAJA SP.","Skate;LITTLE OR WINTER; Unspecified",NA,105763,"scientific",564037,TRUE,"Animalia","Bilateria","Deuterostomia","Chordata","Vertebrata","Gnathostomata","Chondrichthyes","Chondrichthyes","Euselachii","Rajiformes","Rajidae",NA,"Leucoraja",NA,"Leucoraja",TRUE
"TUNICATA S.P.",1810,"TUNICATA S.P.","TUNICATA S.P.",NA,146420,NA,203347,TRUE,"Animalia",NA,NA,"Chordata","Tunicata",NA,NA,NA,NA,NA,NA,NA,NA,NA,"Tunicata",TRUE
"ASCIDIA SP.",1821,"ASCIDIA SP.","SEA SQUIRTS",NA,103483,"scientific",159174,TRUE,"Animalia","Bilateria","Deuterostomia","Chordata","Urochordata",NA,NA,"Ascidiacea",NA,"Enterogona","Ascidiidae",NA,"Ascidia",NA,"Ascidia",TRUE
"BOLTENIA SP.",1823,"BOLTENIA SP.","SEA POTATO",NA,103514,"scientific",159484,TRUE,"Animalia","Bilateria","Deuterostomia","Chordata","Urochordata",NA,NA,"Ascidiacea",NA,"Pleurogona","Pyuridae",NA,"Boltenia",NA,"Boltenia",TRUE
"FLUSTRA FOLIACEA",1901,"FLUSTRA FOLIACEA","LEMONWEED",NA,111367,"scientific",155886,TRUE,"Animalia","Bilateria","Protostomia","Bryozoa",NA,NA,NA,"Gymnolaemata",NA,"Cheilostomata","Flustridae",NA,"Flustra","Flustra foliacea","Flustra foliacea",FALSE
"BRYOZOANS BRACHIOPODA P.",1930,"BRYOZOANS BRACHIOPODA P.","LAMPSHELLS",NA,1803,"manual",NA,FALSE,"Animalia","Bilateria","Protostomia","Brachiopoda",NA,NA,NA,NA,NA,NA,NA,NA,NA,NA,"Brachiopoda",FALSE
"TEREBRATULINA SP.",1932,"TEREBRATULINA SP.","TEREBRATULINA SP.",NA,104040,"scientific",156801,TRUE,"Animalia","Bilateria","Protostomia","Brachiopoda","Rhynchonelliformea",NA,NA,"Rhynchonellata",NA,"Terebratulida","Cancellothyrididae",NA,"Terebratulina",NA,"Terebratulina",FALSE
"CHIRONA HAMERI",2062,"CHIRONA HAMERI","CHIRONA HAMERI",NA,106207,NA,656261,TRUE,"Animalia","Bilateria","Protostomia","Arthropoda","Crustacea",NA,NA,"Maxillopoda","Thoracica","Sessilia","Archaeobalanidae",NA,"Chirona","Chirona hameri","Chirona hameri",FALSE
"DECAPODA O.",2100,"DECAPODA O.","SHRIMPS",NA,1130,"scientific",95599,TRUE,"Animalia","Bilateria","Protostomia","Arthropoda","Crustacea",NA,NA,"Malacostraca","Eucarida","Decapoda",NA,NA,NA,NA,"Decapoda",FALSE
"PANDALUS BOREALIS",2211,"PANDALUS BOREALIS","PANDALUS BOREALIS",NA,107649,"scientific",96967,TRUE,"Animalia","Bilateria","Protostomia","Arthropoda","Crustacea",NA,NA,"Malacostraca","Eucarida","Decapoda","Pandalidae",NA,"Pandalus","Pandalus borealis","Pandalus borealis",FALSE
"PANDALUS MONTAGUI",2212,"PANDALUS MONTAGUI","PANDALUS MONTAGUI",NA,107651,"scientific",96971,TRUE,"Animalia","Bilateria","Protostomia","Arthropoda","Crustacea",NA,NA,"Malacostraca","Eucarida","Decapoda","Pandalidae",NA,"Pandalus","Pandalus montagui","Pandalus montagui",FALSE
"ATLANTOPANDALUS PROPINQVUS",2213,"ATLANTOPANDALUS PROPINQVUS","ATLANTOPANDALUS PROPINQUUS",NA,158351,"scientific",621752,TRUE,"Animalia","Bilateria","Protostomia","Arthropoda","Crustacea",NA,NA,"Malacostraca","Eucarida","Decapoda","Pandalidae",NA,"Atlantopandalus","Atlantopandalus propinqvus","Atlantopandalus propinqvus",FALSE
"DICHELOPANDALUS LEPTOCERUS",2214,"DICHELOPANDALUS LEPTOCERUS","DICHELOPANDALUS LEPTOCERUS",NA,158356,"scientific",97000,TRUE,"Animalia","Bilateria","Protostomia","Arthropoda","Crustacea",NA,NA,"Malacostraca","Eucarida","Decapoda","Pandalidae",NA,"Dichelopandalus","Dichelopandalus leptocerus","Dichelopandalus leptocerus",FALSE
"PASIPHAEA MULTIDENTATA",2221,"PASIPHAEA MULTIDENTATA","PASIPHAEA MULTIDENTATA",NA,107676,"scientific",96166,TRUE,"Animalia","Bilateria","Protostomia","Arthropoda","Crustacea",NA,NA,"Malacostraca","Eucarida","Decapoda","Pasiphaeidae",NA,"Pasiphaea","Pasiphaea multidentata","Pasiphaea multidentata",FALSE
"LEBBEUS POLARIS",2312,"LEBBEUS POLARIS","LEBBEUS POLARIS",NA,107521,"scientific",96792,TRUE,"Animalia","Bilateria","Protostomia","Arthropoda","Crustacea",NA,NA,"Malacostraca","Eucarida","Decapoda","Hippolytidae",NA,"Lebbeus","Lebbeus polaris","Lebbeus polaris",FALSE
"SPIRONTOCARIS LILJEBORGII",2313,"SPIRONTOCARIS LILJEBORGII","SPIRONTOCARIS LILJEBORGII",NA,107531,"scientific",660041,TRUE,"Animalia","Bilateria","Protostomia","Arthropoda","Crustacea",NA,NA,"Malacostraca","Eucarida","Decapoda","Hippolytidae",NA,"Spirontocaris","Spirontocaris lilljeborgii","Spirontocaris lilljeborgii",FALSE
"SPIRONTOCARIS SPINUS",2316,"SPIRONTOCARIS SPINUS","SPIRONTOCARIS SPINUS",NA,107533,"scientific",96775,TRUE,"Animalia","Bilateria","Protostomia","Arthropoda","Crustacea",NA,NA,"Malacostraca","Eucarida","Decapoda","Hippolytidae",NA,"Spirontocaris","Spirontocaris spinus","Spirontocaris spinus",FALSE
"EUALUS FABRICII",2332,"EUALUS FABRICII","EUALUS FABRICII",NA,158357,"scientific",96805,TRUE,"Animalia","Bilateria","Protostomia","Arthropoda","Crustacea",NA,NA,"Malacostraca","Eucarida","Decapoda","Hippolytidae",NA,"Eualus","Eualus fabricii","Eualus fabricii",FALSE
"EUALUS GAIMARDII",2333,"EUALUS GAIMARDII","EUALUS GAIMARDII",NA,107504,"scientific",96807,TRUE,"Animalia","Bilateria","Protostomia","Arthropoda","Crustacea",NA,NA,"Malacostraca","Eucarida","Decapoda","Hippolytidae",NA,"Eualus","Eualus gaimardii","Eualus gaimardii",FALSE
"ARGIS DENTATA",2411,"ARGIS DENTATA","ARGIS DENTATA",NA,107550,"scientific",97162,TRUE,"Animalia","Bilateria","Protostomia","Arthropoda","Crustacea",NA,NA,"Malacostraca","Eucarida","Decapoda","Crangonidae",NA,"Argis","Argis dentata","Argis dentata",FALSE
"SCLEROCRANGON BOREAS",2414,"SCLEROCRANGON BOREAS","SCLEROCRANGON BOREAS",NA,107568,"scientific",97153,TRUE,"Animalia","Bilateria","Protostomia","Arthropoda","Crustacea",NA,NA,"Malacostraca","Eucarida","Decapoda","Crangonidae",NA,"Sclerocrangon","Sclerocrangon boreas","Sclerocrangon boreas",FALSE
"PONTOPHILUS NORVEGICUS",2415,"PONTOPHILUS NORVEGICUS","PONTOPHILUS NORVEGICUS",NA,107563,"scientific",97184,TRUE,"Animalia","Bilateria","Protostomia","Arthropoda","Crustacea",NA,NA,"Malacostraca","Eucarida","Decapoda","Crangonidae",NA,"Pontophilus","Pontophilus norvegicus","Pontophilus norvegicus",FALSE
"CRANGON SEPTEMSPINOSA",2417,"CRANGON SEPTEMSPINOSA","CRANGON SEPTEMSPINOSA",NA,158355,"scientific",97110,TRUE,"Animalia","Bilateria","Protostomia","Arthropoda","Crustacea",NA,NA,"Malacostraca","Eucarida","Decapoda","Crangonidae",NA,"Crangon","Crangon septemspinosa","Crangon septemspinosa",FALSE
"CANCER BOREALIS",2511,"CANCER BOREALIS","JONAH CRAB",312,158056,"scientific",98678,TRUE,"Animalia","Bilateria","Protostomia","Arthropoda","Crustacea",NA,NA,"Malacostraca","Eucarida","Decapoda","Cancridae",NA,"Cancer","Cancer borealis","Cancer borealis",FALSE
"CANCER IRRORATUS",2513,"CANCER IRRORATUS","ATLANTIC ROCK CRAB",313,158057,"scientific",98679,TRUE,"Animalia","Bilateria","Protostomia","Arthropoda","Crustacea",NA,NA,"Malacostraca","Eucarida","Decapoda","Cancridae",NA,"Cancer","Cancer irroratus","Cancer irroratus",FALSE
"HYAS SP.",2520,"HYAS SP.","TOAD CRAB,UNIDENT.",NA,106903,"scientific",98421,TRUE,"Animalia","Bilateria","Protostomia","Arthropoda","Crustacea",NA,NA,"Malacostraca","Eucarida","Decapoda","Oregoniidae",NA,"Hyas",NA,"Hyas",FALSE
"HYAS COARCTATUS",2521,"HYAS COARCTATUS","HYAS COARCTATUS",NA,107323,"scientific",98423,TRUE,"Animalia","Bilateria","Protostomia","Arthropoda","Crustacea",NA,NA,"Malacostraca","Eucarida","Decapoda","Oregoniidae",NA,"Hyas","Hyas coarctatus","Hyas coarctatus",FALSE
"LITHODES MAJA",2523,"LITHODES MAJA","NORTHERN STONE CRAB",324,107205,"scientific",97943,TRUE,"Animalia","Bilateria","Protostomia","Arthropoda","Crustacea",NA,NA,"Malacostraca","Eucarida","Decapoda","Lithodidae",NA,"Lithodes","Lithodes maja","Lithodes maja",FALSE
"CHIONOECETES OPILIO",2526,"CHIONOECETES OPILIO","SNOW CRAB (QUEEN)",325,107315,"scientific",98428,TRUE,"Animalia","Bilateria","Protostomia","Arthropoda","Crustacea",NA,NA,"Malacostraca","Eucarida","Decapoda","Oregoniidae",NA,"Chionoecetes","Chionoecetes opilio","Chionoecetes opilio",FALSE
"HYAS ARANEUS",2527,"HYAS ARANEUS","TOAD CRAB",NA,107322,"scientific",98426,TRUE,"Animalia","Bilateria","Protostomia","Arthropoda","Crustacea",NA,NA,"Malacostraca","Eucarida","Decapoda","Oregoniidae",NA,"Hyas","Hyas araneus","Hyas araneus",FALSE
"AXIUS SERRATUS",2541,"AXIUS SERRATUS","AXIUS SERRATUS",NA,158379,"scientific",97710,TRUE,"Animalia","Bilateria","Protostomia","Arthropoda","Crustacea",NA,NA,"Malacostraca","Eucarida","Decapoda","Axiidae",NA,"Axius","Axius serratus","Axius serratus",FALSE
"HOMARUS AMERICANUS",2550,"HOMARUS AMERICANUS","AMERICAN LOBSTER",301,156134,"scientific",97314,TRUE,"Animalia","Bilateria","Protostomia","Arthropoda","Crustacea",NA,NA,"Malacostraca","Eucarida","Decapoda","Nephropidae",NA,"Homarus","Homarus americanus","Homarus americanus",FALSE
"MUNIDA VALIDA",2556,"MUNIDA VALIDA","MUNIDA VALIDA",NA,158399,"scientific",97986,TRUE,"Animalia","Bilateria","Protostomia","Arthropoda","Crustacea",NA,NA,"Malacostraca","Eucarida","Decapoda","Galatheidae",NA,"Munida","Munida valida","Munida valida",FALSE
"PAGURIDAE F.",2559,"PAGURIDAE F.","HERMIT CRABS",NA,106671,"common",97698,TRUE,"Animalia","Bilateria","Protostomia","Arthropoda","Crustacea",NA,NA,"Malacostraca","Eucarida","Decapoda","Paguridae",NA,NA,NA,"Paguridae",FALSE
"PAGURUS ACADIANUS",2562,"PAGURUS ACADIANUS","PAGURUS ACADIANUS",NA,158400,"scientific",97803,TRUE,"Animalia","Bilateria","Protostomia","Arthropoda","Crustacea",NA,NA,"Malacostraca","Eucarida","Decapoda","Paguridae",NA,"Pagurus","Pagurus acadianus","Pagurus acadianus",FALSE
"MUNIDOPSIS CURVIROSTRA",2566,"MUNIDOPSIS CURVIROSTRA","MUNIDOPSIS CURVIROSTRA",NA,107175,"scientific",97998,TRUE,"Animalia","Bilateria","Protostomia","Arthropoda","Crustacea",NA,NA,"Malacostraca","Eucarida","Decapoda","Galatheidae",NA,"Munidopsis","Munidopsis curvirostra","Munidopsis curvirostra",FALSE
"EUPHAUSIACEA O.",2600,"EUPHAUSIACEA O.","KRILL SHRIMP",NA,1128,"scientific",95496,TRUE,"Animalia","Bilateria","Protostomia","Arthropoda","Crustacea",NA,NA,"Malacostraca","Eucarida","Euphausiacea",NA,NA,NA,NA,"Euphausiacea",FALSE
"MEGANYCTIPHANES NORVEGICA",2611,"MEGANYCTIPHANES NORVEGICA","Northern Krill",NA,110690,"scientific",95534,TRUE,"Animalia","Bilateria","Protostomia","Arthropoda","Crustacea",NA,NA,"Malacostraca","Eucarida","Euphausiacea","Euphausiidae",NA,"Meganyctiphanes","Meganyctiphanes norvegica","Meganyctiphanes norvegica",FALSE
"ANONYX SP.",2833,"ANONYX SP.","ANONYX SP.",NA,101592,"scientific",94230,TRUE,"Animalia","Bilateria","Protostomia","Arthropoda","Crustacea",NA,NA,"Malacostraca","Peracarida","Amphipoda","Uristidae",NA,"Anonyx",NA,"Anonyx",FALSE
"NYMPHON SP.",2893,"NYMPHON SP.","NYMPHON SP.",NA,134591,"scientific",83548,TRUE,"Animalia","Bilateria","Protostomia","Arthropoda","Chelicerata",NA,NA,"Pycnogonida",NA,"Pantopoda","Nymphonidae",NA,"Nymphon",NA,"Nymphon",FALSE
"ANNELIDA P.",3000,"ANNELIDA P.","SEGMENTED WORMS",NA,882,"scientific",64357,TRUE,"Animalia","Bilateria","Protostomia","Annelida",NA,NA,NA,NA,NA,NA,NA,NA,NA,NA,"Annelida",FALSE
"POLYCHAETA C.",3100,"POLYCHAETA C.","BRISTLE WORMS",NA,883,"scientific",64358,TRUE,"Animalia","Bilateria","Protostomia","Annelida",NA,NA,NA,"Polychaeta",NA,NA,NA,NA,NA,NA,"Polychaeta",FALSE
"APHRODITA HASTATA",3200,"APHRODITA HASTATA","SEA MOUSE",NA,157181,"scientific",64365,TRUE,"Animalia","Bilateria","Protostomia","Annelida",NA,NA,NA,"Polychaeta",NA,"Phyllodocida","Aphroditidae",NA,"Aphrodita","Aphrodita hastata","Aphrodita hastata",FALSE
"GEPHYREA (SIPUNCULA) P.",3300,"GEPHYREA (SIPUNCULA) P.","GEPHYREA (SIPUNCULA)",NA,1019642,NA,NA,FALSE,"Animalia","Bilateria","Protostomia","Sipuncula",NA,NA,NA,NA,NA,NA,NA,NA,NA,NA,"Sipuncula",FALSE
"BUCCINUM UNDATUM",4211,"BUCCINUM UNDATUM","WAVE WHELK,COMMON EDIBLE",NA,138878,"scientific",73795,TRUE,"Animalia","Bilateria","Protostomia","Mollusca",NA,NA,NA,"Gastropoda",NA,"Neogastropoda","Buccinidae",NA,"Buccinum","Buccinum undatum","Buccinum undatum",FALSE
"NATICIDAE F.",4220,"NATICIDAE F.","MOON SNAIL UNSP",NA,145,"scientific",72878,TRUE,"Animalia","Bilateria","Protostomia","Mollusca",NA,NA,NA,"Gastropoda",NA,"Neotaenioglossa","Naticidae",NA,NA,NA,"Naticidae",FALSE
"EUSPIRA HEROS",4221,"EUSPIRA HEROS","NORTHERN MOONSNAIL",NA,160315,"scientific",72985,TRUE,"Animalia","Bilateria","Protostomia","Mollusca",NA,NA,NA,"Gastropoda",NA,"Neotaenioglossa","Naticidae",NA,"Euspira","Euspira heros","Euspira heros",FALSE
"NEPTUNEA DECEMCOSTATA",4227,"NEPTUNEA DECEMCOSTATA","NEW ENGLAND NEPTUNE",NA,491164,"scientific",NA,FALSE,"Animalia",NA,NA,"Mollusca",NA,NA,NA,"Gastropoda",NA,"Neogastropoda","Buccinidae","Neptuneinae","Neptunea","Neptunea decemcostata","Neptunea decemcostata",FALSE
"COLUS SP.",4228,"COLUS SP.","SPINDLE SHELL",NA,446035,"scientific",73892,TRUE,"Animalia","Bilateria","Protostomia","Mollusca",NA,NA,NA,"Gastropoda",NA,"Neogastropoda","Buccinidae",NA,"Colus",NA,"Colus",FALSE
"BIVALVIA C.",4300,"BIVALVIA C.","BIVALVIA C.",NA,105,"scientific",79118,TRUE,"Animalia","Bilateria","Protostomia","Mollusca",NA,NA,NA,"Bivalvia",NA,NA,NA,NA,NA,NA,"Bivalvia",FALSE
"SPISULA SOLIDISSIMA",4317,"SPISULA SOLIDISSIMA","BAR,SURF CLAM",403,156996,"scientific",80944,TRUE,"Animalia","Bilateria","Protostomia","Mollusca",NA,NA,NA,"Bivalvia",NA,"Veneroida","Mactridae",NA,"Spisula","Spisula solidissima","Spisula solidissima",FALSE
"PLACOPECTEN MAGELLANICUS",4321,"PLACOPECTEN MAGELLANICUS","SEA SCALLOP",401,156972,"scientific",79718,TRUE,"Animalia","Bilateria","Protostomia","Mollusca",NA,NA,NA,"Bivalvia",NA,"Ostreoida","Pectinidae",NA,"Placopecten","Placopecten magellanicus","Placopecten magellanicus",FALSE
"CHLAMYS ISLANDICA",4322,"CHLAMYS ISLANDICA","ICELAND SCALLOP",NA,140692,"scientific",79619,TRUE,"Animalia","Bilateria","Protostomia","Mollusca",NA,NA,NA,"Bivalvia",NA,"Ostreoida","Pectinidae",NA,"Chlamys","Chlamys islandica","Chlamys islandica",FALSE
"MYTILIDAE F.",4330,"MYTILIDAE F.","MUSSELS (NS)",NA,211,"scientific",79451,TRUE,"Animalia","Bilateria","Protostomia","Mollusca",NA,NA,NA,"Bivalvia",NA,"Mytiloida","Mytilidae",NA,NA,NA,"Mytilidae",FALSE
"MYTILUS EDULIS",4331,"MYTILUS EDULIS","COMMON MUSSELS",NA,140480,"scientific",79454,TRUE,"Animalia","Bilateria","Protostomia","Mollusca",NA,NA,NA,"Bivalvia",NA,"Mytiloida","Mytilidae",NA,"Mytilus","Mytilus edulis","Mytilus edulis",FALSE
"MODIOLUS MODIOLUS",4332,"MODIOLUS MODIOLUS","HORSE MUSSELS",NA,140467,"scientific",79501,TRUE,"Animalia","Bilateria","Protostomia","Mollusca",NA,NA,NA,"Bivalvia",NA,"Mytiloida","Mytilidae",NA,"Modiolus","Modiolus modiolus","Modiolus modiolus",FALSE
"NUDIBRANCHIA O.",4400,"NUDIBRANCHIA O.","SEA SLUGS",NA,1762,"common",78156,TRUE,"Animalia","Bilateria","Protostomia","Mollusca",NA,NA,NA,"Gastropoda",NA,"Nudibranchia",NA,NA,NA,NA,"Nudibranchia",FALSE
"ILLEX ILLECEBROSUS",4511,"ILLEX ILLECEBROSUS","SHORT-FIN SQUID",502,748978,"scientific",82521,TRUE,"Animalia","Bilateria","Protostomia","Mollusca",NA,NA,NA,"Cephalopoda","Decabrachia","Teuthida","Ommastrephidae","Illicinae","Illex","Illex illecebrosus","Illex illecebrosus",FALSE
"LOLIGO PEALEII",4512,"LOLIGO PEALEII","LONGFIN SQUID, LONGFIN INSHORE SQUID",503,157025,"scientific",82372,TRUE,"Animalia","Bilateria","Protostomia","Mollusca",NA,NA,NA,"Cephalopoda","Decabrachia","Teuthida","Loliginidae",NA,"Loligo","Loligo pealeii","Loligo pealeii",FALSE
"OCTOPODA O.",4521,"OCTOPODA O.","OCTOPUS",NA,11718,"scientific",82589,TRUE,"Animalia","Bilateria","Protostomia","Mollusca",NA,NA,NA,"Cephalopoda","Octobrachia","Octopoda",NA,NA,NA,NA,"Octopoda",FALSE
"SEPIOLODAE F.",4536,"SEPIOLODAE F.","BOBTAIL SQUID",NA,1454579,NA,555764,NA,"Animalia","Bilateria","Protostomia","Mollusca",NA,NA,NA,"Cephalopoda","Decabrachia","Sepiolida","Sepiolidae","Heteroteuthinae","Sepiolina",NA,"Sepiolina",FALSE
"PYCNOGONIDA S.P.",5100,"PYCNOGONIDA S.P.","SEA SPIDER",NA,1302,NA,83545,TRUE,"Animalia","Bilateria","Protostomia","Arthropoda","Chelicerata",NA,NA,"Pycnogonida",NA,NA,NA,NA,NA,NA,"Pycnogonida",FALSE
"PYCNOGONUM LITTORALE",5102,"PYCNOGONUM LITTORALE","ANEMONE SEA SPIDER",NA,239867,"scientific",83665,TRUE,"Animalia",NA,NA,"Arthropoda","Chelicerata",NA,NA,"Pycnogonida",NA,"Pantopoda","Pycnogonidae",NA,"Pycnogonum","Pycnogonum litorale","Pycnogonum litorale",FALSE
"ASTEROIDEA S.C.",6100,"ASTEROIDEA S.C.","ASTEROIDEA S.C.",332,123080,"scientific",156862,TRUE,"Animalia","Bilateria","Deuterostomia","Echinodermata","Asterozoa",NA,NA,"Asteroidea",NA,NA,NA,NA,NA,NA,"Asteroidea",FALSE
"CEREMASTER GRANULARIS",6101,"CEREMASTER GRANULARIS","CEREMASTER GRANULARIS",NA,124020,NA,156997,FALSE,"Animalia",NA,NA,"Echinodermata","Asterozoa",NA,NA,"Asteroidea","Valvatacea","Valvatida","Goniasteridae",NA,"Ceramaster","Ceramaster granularis","Ceramaster granularis",FALSE
"PORANIA PULVILIS",6102,"PORANIA PULVILIS","PORANIA PULVILIS",NA,125166,NA,NA,FALSE,"Animalia","Bilateria","Deuterostomia","Echinodermata","Asterozoa",NA,NA,"Asteroidea","Valvatacea","Valvatida","Poraniidae",NA,"Porania","Porania pulvillus","Porania pulvillus",FALSE
"SCLERASTERIAS TANNERI",6106,"SCLERASTERIAS TANNERI","SCLERASTERIAS TANNERI",NA,178806,NA,157285,TRUE,"Animalia","Bilateria","Deuterostomia","Echinodermata","Asterozoa",NA,NA,"Asteroidea","Forcipulatacea","Forcipulatida","Asteriidae",NA,"Sclerasterias","Sclerasterias tanneri","Sclerasterias tanneri",FALSE
"ASTERIAS FORBESI",6109,"ASTERIAS FORBESI","ASTERIAS FORBESI",NA,158489,"scientific",157217,TRUE,"Animalia","Bilateria","Deuterostomia","Echinodermata","Asterozoa",NA,NA,"Asteroidea","Forcipulatacea","Forcipulatida","Asteriidae",NA,"Asterias","Asterias forbesi","Asterias forbesi",FALSE
"ASTERIAS RUBENS",6111,"ASTERIAS RUBENS","ASTERIAS RUBENS",NA,123776,"scientific",157220,TRUE,"Animalia","Bilateria","Deuterostomia","Echinodermata","Asterozoa",NA,NA,"Asteroidea","Forcipulatacea","Forcipulatida","Asteriidae",NA,"Asterias","Asterias rubens","Asterias rubens",FALSE
"LEPTASTERIAS POLARIS",6113,"LEPTASTERIAS POLARIS","LEPTASTERIAS POLARIS",NA,292974,"scientific",157240,TRUE,"Animalia","Bilateria","Deuterostomia","Echinodermata","Asterozoa",NA,NA,"Asteroidea","Forcipulatacea","Forcipulatida","Asteriidae",NA,"Leptasterias","Leptasterias polaris","Leptasterias polaris",FALSE
"LEPTASTERIAS SP.",6114,"LEPTASTERIAS SP.","LEPTASTERIAS SP.",NA,123222,"scientific",157225,TRUE,"Animalia","Bilateria","Deuterostomia","Echinodermata","Asterozoa",NA,NA,"Asteroidea","Forcipulatacea","Forcipulatida","Asteriidae",NA,"Leptasterias",NA,"Leptasterias",FALSE
"CTENODISCUS CRISPATUS",6115,"CTENODISCUS CRISPATUS","MUD STAR",NA,178732,"scientific",156940,TRUE,"Animalia","Bilateria","Deuterostomia","Echinodermata","Asterozoa",NA,NA,"Asteroidea","Valvatacea","Paxillosida","Ctenodiscidae",NA,"Ctenodiscus","Ctenodiscus crispatus","Ctenodiscus crispatus",FALSE
"HIPPASTERIA PHRYGIANA",6117,"HIPPASTERIA PHRYGIANA","HIPPASTERIA PHRYGIANA",NA,124043,"scientific",157008,TRUE,"Animalia","Bilateria","Deuterostomia","Echinodermata","Asterozoa",NA,NA,"Asteroidea","Valvatacea","Valvatida","Goniasteridae","Hippasterinae","Hippasteria","Hippasteria phrygiana","Hippasteria phrygiana",FALSE
"HENRICIA SP.",6118,"HENRICIA SP.","BLOOD STAR (GENUS)",NA,123276,"scientific",157152,TRUE,"Animalia","Bilateria","Deuterostomia","Echinodermata","Asterozoa",NA,NA,"Asteroidea","Spinulosacea","Spinulosida","Echinasteridae",NA,"Henricia",NA,"Henricia",FALSE
"SOLASTER ENDECA",6121,"SOLASTER ENDECA","PURPLE SUNSTAR",NA,124160,"scientific",157076,TRUE,"Animalia","Bilateria","Deuterostomia","Echinodermata","Asterozoa",NA,NA,"Asteroidea","Valvatacea","Valvatida","Solasteridae",NA,"Solaster","Solaster endeca","Solaster endeca",FALSE
"SOLASTER SPP.",6122,"SOLASTER SPP.","SOLASTER SPP.",NA,123338,"scientific",157074,TRUE,"Animalia","Bilateria","Deuterostomia","Echinodermata","Asterozoa",NA,NA,"Asteroidea","Valvatacea","Valvatida","Solasteridae",NA,"Solaster",NA,"Solaster",FALSE
"CROSSASTER PAPPOSUS",6123,"CROSSASTER PAPPOSUS","SPINY SUNSTAR",NA,124154,"scientific",157066,TRUE,"Animalia","Bilateria","Deuterostomia","Echinodermata","Asterozoa",NA,NA,"Asteroidea","Valvatacea","Valvatida","Solasteridae",NA,"Crossaster","Crossaster papposus","Crossaster papposus",FALSE
"PTERASTER PULVILLUS",6126,"PTERASTER PULVILLUS","PTERASTER PULVILLUS",NA,124151,NA,157111,TRUE,"Animalia","Bilateria","Deuterostomia","Echinodermata","Asterozoa",NA,NA,"Asteroidea",NA,"Velatida","Pterasteridae",NA,"Pteraster","Pteraster pulvillus","Pteraster pulvillus",FALSE
"PORANIOMORPHA HISPIDA",6129,"PORANIOMORPHA HISPIDA","PORANIOMORPHA HISPIDA",NA,125170,NA,157142,TRUE,"Animalia","Bilateria","Deuterostomia","Echinodermata","Asterozoa",NA,NA,"Asteroidea","Valvatacea","Valvatida","Poraniidae",NA,"Poraniomorpha","Poraniomorpha hispida","Poraniomorpha hispida",FALSE
"PONTASTER SP.",6133,"PONTASTER SP.","PONTASTER SP.",NA,123244,"scientific",156968,TRUE,"Animalia","Bilateria","Deuterostomia","Echinodermata","Asterozoa",NA,NA,"Asteroidea","Valvatacea","Notomyotida","Benthopectinidae",NA,"Pontaster",NA,"Pontaster",FALSE
"ASTROPECTEN AMERICANUS",6136,"ASTROPECTEN AMERICANUS","ASTROPECTEN AMERICANUS",NA,158490,NA,156902,TRUE,"Animalia","Bilateria","Deuterostomia","Echinodermata","Asterozoa",NA,NA,"Asteroidea","Valvatacea","Paxillosida","Astropectinidae",NA,"Astropecten","Astropecten americanus","Astropecten americanus",FALSE
"OPHIUROIDEA S.C.",6200,"OPHIUROIDEA S.C.","BRITTLE STAR",NA,123084,"scientific",157325,TRUE,"Animalia","Bilateria","Deuterostomia","Echinodermata","Asterozoa",NA,NA,"Ophiuroidea",NA,NA,NA,NA,NA,NA,"Ophiuroidea",FALSE
"OPHIACANTHA ABYSSICOLA",6201,"OPHIACANTHA ABYSSICOLA","OPHIACANTHA ABYSSICOLA",NA,124973,"scientific",157555,TRUE,"Animalia","Bilateria","Deuterostomia","Echinodermata","Asterozoa",NA,NA,"Ophiuroidea",NA,"Ophiurida","Ophiacanthidae",NA,"Ophiacantha","Ophiacantha abyssicola","Ophiacantha abyssicola",FALSE
"OPHIACANTHA BIDENTATA",6202,"OPHIACANTHA BIDENTATA","OPHIACANTHA BIDENTATA",NA,124978,NA,157544,TRUE,"Animalia","Bilateria","Deuterostomia","Echinodermata","Asterozoa",NA,NA,"Ophiuroidea",NA,"Ophiurida","Ophiacanthidae",NA,"Ophiacantha","Ophiacantha bidentata","Ophiacantha bidentata",FALSE
"OPHIOPHOLIS ACULEATA",6211,"OPHIOPHOLIS ACULEATA","DAISY",NA,125125,"scientific",157617,TRUE,"Animalia","Bilateria","Deuterostomia","Echinodermata","Asterozoa",NA,NA,"Ophiuroidea",NA,"Ophiurida","Ophiactidae",NA,"Ophiopholis","Ophiopholis aculeata","Ophiopholis aculeata",FALSE
"OPHIURA SARSI",6213,"OPHIURA SARSI","OPHIURA SARSI",NA,245736,"scientific",157424,TRUE,"Animalia","Bilateria","Deuterostomia","Echinodermata","Asterozoa",NA,NA,"Ophiuroidea",NA,"Ophiurida","Ophiuridae",NA,"Ophiura","Ophiura sarsi","Ophiura sarsi",FALSE
"GORGONOCEPHALIDAE,ASTERONYCHIDAE F.",6300,"GORGONOCEPHALIDAE,ASTERONYCHIDAE F.","BASKET STARS",NA,123203,"common",157356,TRUE,"Animalia","Bilateria","Deuterostomia","Echinodermata","Asterozoa",NA,NA,"Ophiuroidea",NA,"Phrynophiurida","Gorgonocephalidae",NA,NA,NA,"Gorgonocephalidae",FALSE
"STRONGYLOCENTROTUS SP.",6400,"STRONGYLOCENTROTUS SP.","SEA URCHINS",NA,123390,"scientific",157968,TRUE,"Animalia","Bilateria","Deuterostomia","Echinodermata","Echinozoa",NA,NA,"Echinoidea","Echinacea","Echinoida","Strongylocentrotidae",NA,"Strongylocentrotus",NA,"Strongylocentrotus",FALSE
"STRONGYLOCENTROTUS DROEBACHIENSIS",6411,"STRONGYLOCENTROTUS DROEBACHIENSIS","SEA URCHIN (GREEN)",NA,124321,"scientific",157969,TRUE,"Animalia","Bilateria","Deuterostomia","Echinodermata","Echinozoa",NA,NA,"Echinoidea","Echinacea","Echinoida","Strongylocentrotidae",NA,"Strongylocentrotus","Strongylocentrotus droebachiensis","Strongylocentrotus droebachiensis",FALSE
"BRISASTER FRAGILIS",6413,"BRISASTER FRAGILIS","HEART URCHIN",NA,124404,"scientific",158080,TRUE,"Animalia","Bilateria","Deuterostomia","Echinodermata","Echinozoa",NA,NA,"Echinoidea","Atelostomata","Spatangoida","Schizasteridae",NA,"Brisaster","Brisaster fragilis","Brisaster fragilis",FALSE
"CLYPEASTEROIDA O.",6500,"CLYPEASTEROIDA O.","SAND DOLLARS",NA,123100,"scientific",157984,TRUE,"Animalia","Bilateria","Deuterostomia","Echinodermata","Echinozoa",NA,NA,"Echinoidea","Gnathostomata","Clypeasteroida",NA,NA,NA,NA,"Clypeasteroida",FALSE
"CUCUMARIA FRONDOSA",6611,"CUCUMARIA FRONDOSA","SEA CUCUMBER (COMMON)",NA,124612,"scientific",158195,TRUE,"Animalia","Bilateria","Deuterostomia","Echinodermata","Echinozoa",NA,NA,"Holothuroidea",NA,"Dendrochirotida","Cucumariidae",NA,"Cucumaria","Cucumaria frondosa","Cucumaria frondosa",FALSE
"PSOLUS PHANTAPUS",6715,"PSOLUS PHANTAPUS","PSOLUS PHANTAPUS",NA,124710,"scientific",158156,TRUE,"Animalia","Bilateria","Deuterostomia","Echinodermata","Echinozoa",NA,NA,"Holothuroidea",NA,"Dendrochirotida","Psolidae",NA,"Psolus","Psolus phantapus","Psolus phantapus",FALSE
"CRINOIDEA C.",6900,"CRINOIDEA C.","SEA LILIES",NA,123081,"scientific",158541,TRUE,"Animalia","Bilateria","Deuterostomia","Echinodermata","Crinozoa",NA,NA,"Crinoidea",NA,NA,NA,NA,NA,NA,"Crinoidea",FALSE
"CTENOPHORA P.",8100,"CTENOPHORA P.","COMB JELLIES",NA,1248,"scientific",53856,TRUE,"Animalia","Radiata",NA,"Ctenophora",NA,NA,NA,NA,NA,NA,NA,NA,NA,NA,"Ctenophora",FALSE
"ACTINIARIA O.",8208,"ACTINIARIA O.","ANTHOZOA SEA ANEMONES",NA,1360,"scientific",52485,TRUE,"Animalia","Radiata",NA,"Cnidaria","Anthozoa",NA,NA,"Anthozoa",NA,"Actiniaria",NA,NA,NA,NA,"Actiniaria",FALSE
"ACTINIIDAE F. ",8209,"ACTINIIDAE F. ","ACTINIIDAE F. ",NA,100653,NA,52541,TRUE,"Animalia","Radiata",NA,"Cnidaria","Anthozoa",NA,NA,"Anthozoa",NA,"Actiniaria","Actiniidae",NA,NA,NA,"Actiniidae",FALSE
"ACTINOSTOLA SPP. ",8216,"	
ACTINOSTOLA SPP. ","	
ACTINOSTOLA SPP. ",NA,100709,NA,52637,TRUE,"Animalia","Radiata",NA,"Cnidaria","Anthozoa",NA,NA,"Anthozoa",NA,"Actiniaria","Actinostolidae",NA,"Actinostola",NA,"Actinostola",FALSE
"ANTHOZOA C.",8300,"ANTHOZOA C.","SEA ANEMONE",NA,1292,"scientific",51938,TRUE,"Animalia","Radiata",NA,"Cnidaria","Anthozoa",NA,NA,"Anthozoa",NA,NA,NA,NA,NA,NA,"Anthozoa",FALSE
"STOMPHIA COCCINEA",8313,"STOMPHIA COCCINEA","STOMPHIA COCCINEA",NA,100854,"scientific",52630,TRUE,"Animalia","Radiata",NA,"Cnidaria","Anthozoa",NA,NA,"Anthozoa",NA,"Actiniaria","Actinostolidae",NA,"Stomphia","Stomphia coccinea","Stomphia coccinea",FALSE
"HORMATHIA SP.",8316,"HORMATHIA SP.","HORMATHIA SP.",NA,100757,"scientific",52657,TRUE,"Animalia","Radiata",NA,"Cnidaria","Anthozoa",NA,NA,"Anthozoa",NA,"Actiniaria","Hormathiidae",NA,"Hormathia",NA,"Hormathia",FALSE
"BOLOCERA SP.",8317,"BOLOCERA SP.","BOLOCERA SP.",NA,100698,"scientific",52579,TRUE,"Animalia","Radiata",NA,"Cnidaria","Anthozoa",NA,NA,"Anthozoa",NA,"Actiniaria","Actiniidae",NA,"Bolocera",NA,"Bolocera",FALSE
"PENNATULACEA",8318,"PENNATULACEA","SEA PEN",NA,1367,"scientific",52348,TRUE,"Animalia","Radiata",NA,"Cnidaria","Anthozoa",NA,NA,"Anthozoa",NA,"Pennatulacea",NA,NA,NA,NA,"Pennatulacea",FALSE
"GERSEMIA RUBIFORMIS",8324,"GERSEMIA RUBIFORMIS","SEA CAULIFLOWER, STRAWBERRIES",NA,156103,"scientific",52037,TRUE,"Animalia","Radiata",NA,"Cnidaria","Anthozoa",NA,NA,"Anthozoa",NA,"Alcyonacea","Alcyoniidae",NA,"Gersemia","Gersemia rubiformis","Gersemia rubiformis",FALSE
"PSEUDARCHASTER PARELII",8346,"PSEUDARCHASTER PARELII","PSEUDARCHASTER PARELII",NA,124085,"scientific",157017,TRUE,"Animalia","Bilateria","Deuterostomia","Echinodermata","Asterozoa",NA,NA,"Asteroidea","Valvatacea","Paxillosida","Pseudarchasteridae",NA,"Pseudarchaster","Pseudarchaster parelii","Pseudarchaster parelii",FALSE
"PSILASTER ANDROMEDA",8347,"PSILASTER ANDROMEDA","PSILASTER ANDROMEDA",NA,123908,"scientific",156898,TRUE,"Animalia","Bilateria","Deuterostomia","Echinodermata","Asterozoa",NA,NA,"Asteroidea","Valvatacea","Paxillosida","Astropectinidae",NA,"Psilaster","Psilaster andromeda","Psilaster andromeda",FALSE
"LOPHASTER FURCIFER",8349,"LOPHASTER FURCIFER","LOPHASTER FURCIFER",NA,124156,"scientific",157071,TRUE,"Animalia","Bilateria","Deuterostomia","Echinodermata","Asterozoa",NA,NA,"Asteroidea","Valvatacea","Valvatida","Solasteridae",NA,"Lophaster","Lophaster furcifer","Lophaster furcifer",FALSE
"PENNATULA ACULEATA",8367,"PENNATULA ACULEATA","PENNATULA ACULEATA",NA,128515,"scientific",52418,TRUE,"Animalia","Radiata",NA,"Cnidaria","Anthozoa",NA,NA,"Anthozoa",NA,"Pennatulacea","Pennatulidae",NA,"Pennatula","Pennatula aculeata","Pennatula aculeata",FALSE
"EPIZOANTHUS SPP.",8382,"EPIZOANTHUS SPP.","EPIZOANTHUS SPP.",NA,100790,"scientific",52443,TRUE,"Animalia","Radiata",NA,"Cnidaria","Anthozoa",NA,NA,"Anthozoa",NA,"Zoantharia","Epizoanthidae",NA,"Epizoanthus",NA,"Epizoanthus",FALSE
"NEPHTHEIDAE F.",8386,"NEPHTHEIDAE F.","NEPHTHEIDAE F.",NA,146762,"scientific",52034,TRUE,"Animalia","Radiata",NA,"Cnidaria","Anthozoa",NA,NA,"Anthozoa",NA,"Alcyonacea","Nephtheidae",NA,NA,NA,"Nephtheidae",FALSE
"HYDROZOA C.",8400,"HYDROZOA C.","HYDROZOA C.",NA,1337,"scientific",48739,TRUE,"Animalia","Radiata",NA,"Cnidaria","Medusozoa",NA,NA,"Hydrozoa",NA,NA,NA,NA,NA,NA,"Hydrozoa",FALSE
"SCYPHOZOA C.",8500,"SCYPHOZOA C.","JELLYFISHES",NA,135220,"scientific",51483,TRUE,"Animalia","Radiata",NA,"Cnidaria","Medusozoa",NA,NA,"Scyphozoa",NA,NA,NA,NA,NA,NA,"Scyphozoa",FALSE
"CYANEA CAPILLATA",8511,"CYANEA CAPILLATA","PINK JELLYFISH",NA,135301,"scientific",51671,TRUE,"Animalia","Radiata",NA,"Cnidaria","Medusozoa",NA,NA,"Scyphozoa",NA,"Semaeostomeae","Cyaneidae",NA,"Cyanea","Cyanea capillata","Cyanea capillata",FALSE
"PORIFERA P.",8600,"PORIFERA P.","SPONGES",NA,558,"scientific",46861,TRUE,"Animalia","Radiata",NA,"Porifera",NA,NA,NA,NA,NA,NA,NA,NA,NA,NA,"Porifera",FALSE
"VAZELLA POURTALESI",8601,"VAZELLA POURTALESI","RUSSIAN HATS",NA,172121,NA,659662,FALSE,"Animalia",NA,NA,"Porifera",NA,NA,NA,"Hexactinellida",NA,"Lyssacinosida","Rossellidae","Rossellinae","Vazella","Vazella pourtalesii","Vazella pourtalesii",FALSE
"POLYMASTIA F.",8605,"POLYMASTIA F.","POLYMASTIA F.",NA,132046,NA,48506,TRUE,"Animalia","Radiata",NA,"Porifera",NA,NA,NA,"Demospongiae",NA,"Hadromerida","Polymastiidae",NA,"Polymastia",NA,"Polymastia",FALSE
"POLYMASTIA ANDRICA",8609,"POLYMASTIA ANDRICA","POLYMASTIA ANDRICA",NA,157415,NA,48507,TRUE,"Animalia","Radiata",NA,"Porifera",NA,NA,NA,"Demospongiae",NA,"Hadromerida","Polymastiidae",NA,"Polymastia","Polymastia andrica","Polymastia andrica",FALSE
"SUBERITES FICUS",8613,"SUBERITES FICUS","FIG SPONGE",NA,134285,"scientific",48488,TRUE,"Animalia","Radiata",NA,"Porifera",NA,NA,NA,"Demospongiae",NA,"Hadromerida","Suberitidae",NA,"Suberites","Suberites ficus","Suberites ficus",FALSE
"HALICLONA OCULATA",8621,"HALICLONA OCULATA","EYED SPONGE",NA,236327,NA,47779,TRUE,"Animalia","Radiata",NA,"Porifera",NA,NA,NA,"Demospongiae",NA,"Haplosclerida","Chalinidae",NA,"Haliclona","Haliclona oculata","Haliclona oculata",FALSE
